{
  "V1": -16.5265065691231,
  "V2": 8.58497179585822,
  "V3": -18.6498531851945,
  "V4": 9.50559351508723,
  "V5": -13.7938185270957,
  "V6": -2.83240429939747,
  "V7": -16.701694296045,
  "V8": 7.51734390370987,
  "V9": -8.50705863675898,
  "V10": -14.1101844415457,
  "V11": 5.29923634963938,
  "V12": -10.8340064814734,
  "V13": 1.67112025332681,
  "V14": -9.37385858364976,
  "V15": 0.360805641631617,
  "V16": -9.89924654080666,
  "V17": -19.2362923697613,
  "V18": -8.39855199494575,
  "V19": 3.10173536885404,
  "V20": -1.51492343527852,
  "V21": 1.19073869481428,
  "V22": -1.12767000902061,
  "V23": -2.3585787697881,
  "V24": 0.673461328987237,
  "V25": -1.4136996745882,
  "V26": -0.46276236139933,
  "V27": -2.01857524875161,
  "V28": -1.04280416970881,
  "Amount": 364.19,
  "Time": 41505.0
}